path_step,node_index,segment_distance_m,distance_from_start_m,distance_from_start_km,segment_traveltime_s,traveltime_from_start_s,traveltime_from_start_min,x,y,z,slowness,label
0,15435,0.00000000,0.00000000,0.00000000,0.00000000,0.00000000,0.00000000,105.54210570,20.99979136,0.00000000,0.00000000,DB01
1,15441,2575.15548984,2575.15548984,2.57515549,25.75155490,25.75155490,0.42919258,105.56651475,21.00380188,0.00000000,0.02000000,DK05
