path_step,node_index,segment_distance_m,distance_from_start_m,distance_from_start_km,segment_traveltime_s,traveltime_from_start_s,traveltime_from_start_min,x,y,z,slowness,label
0,15436,0.00000000,0.00000000,0.00000000,0.00000000,0.00000000,0.00000000,105.53939267,20.98356076,0.00000000,0.00000000,DB02
1,2430,589.96516716,589.96516716,0.58996517,10.62128450,10.62128450,0.17702141,105.54093516,20.98869704,0.00000000,0.03600648,N
2,6397,1352.03083414,1941.99600130,1.94199600,39.92870189,50.54998638,0.84249977,105.54001694,21.00089768,0.00000000,0.02305830,N
3,6543,70.66402611,2012.66002741,2.01266003,1.69540311,52.24538950,0.87075649,105.53953748,21.00135096,0.00000000,0.02492660,N
4,9026,1166.45597390,3179.11600130,3.17911600,38.11918050,90.36457000,1.50607617,105.53186739,21.00905515,0.00000000,0.04043237,N
5,9172,70.66420175,3249.78020306,3.24978020,2.84732003,93.21189002,1.55353150,105.53138788,21.00950841,0.00000000,0.04015497,N
6,15437,62.24998290,3312.03018595,3.31203019,1.87232293,95.08421295,1.58473688,105.53087943,21.00921067,0.00000000,0.02000000,DK01
