{
  "path_name": "path_senario1_thetastar",
  "algorithm": "thetastar",
  "success": true,
  "message": "Path found by A* and post-smoothed by Theta* line-of-sight. nodes: 59 -> 7",
  "path_nodes": 7,
  "total_cost": 119.81748459374245,
  "expanded_nodes": 2451,
  "visited_nodes": 2451,
  "runtime_seconds": 0.9292757511138916,
  "start": {
    "x": 105.53939267,
    "y": 20.98356076,
    "z": 0.0,
    "label": "DB02"
  },
  "end": {
    "x": 105.53087943,
    "y": 21.00921067,
    "z": 0.0,
    "label": "DK01"
  },
  "algorithm_path_distance_m": 3330.395903203959,
  "algorithm_path_distance_km": 3.330395903203959,
  "algorithm_estimated_traveltime_s": 101.53558671440798,
  "algorithm_estimated_traveltime_min": 1.6922597785734663,
  "output_path_distance_m": 3330.395903203959,
  "output_path_distance_km": 3.330395903203959,
  "output_estimated_traveltime_s": 101.53558671440798,
  "output_estimated_traveltime_min": 1.6922597785734663
}