path_step,node_index,segment_distance_m,distance_from_start_m,distance_from_start_km,segment_traveltime_s,traveltime_from_start_s,traveltime_from_start_min,x,y,z,slowness,label
0,15435,0.00000000,0.00000000,0.00000000,0.00000000,0.00000000,0.00000000,105.54210570,20.99979136,0.00000000,0.00000000,DB01
1,5188,1887.95949421,1887.95949421,1.88795949,59.68800933,59.68800933,0.99480016,105.52412866,20.99733319,0.00000000,0.06323018,N
2,4744,211.99590954,2099.95540375,2.09995540,13.93451551,73.62252484,1.22704208,105.52268073,20.99598233,0.00000000,0.06823005,N
3,15440,1011.73086220,3111.68626595,3.11168627,44.63259298,118.25511782,1.97091863,105.51294633,20.99589658,0.00000000,0.02000012,DK04
