{
  "path_name": "path_senario1_FMM2D_rank_106",
  "algorithm": "FMM2D",
  "success": true,
  "message": "ok",
  "path_nodes": 48,
  "total_cost": 47.512282390928156,
  "expanded_nodes": null,
  "visited_nodes": null,
  "runtime_seconds": null,
  "start": {
    "x": 105.5421057,
    "y": 20.99979136,
    "z": 0.0,
    "label": "DB01"
  },
  "end": {
    "x": 105.54310305,
    "y": 21.02092294,
    "z": 0.0,
    "label": "DK02"
  },
  "algorithm_path_distance_m": 2391.91616604824,
  "algorithm_path_distance_km": 2.39191616604824,
  "algorithm_estimated_traveltime_s": 47.838323320964804,
  "algorithm_estimated_traveltime_min": 0.7973053886827467,
  "output_path_distance_m": 2391.91616604824,
  "output_path_distance_km": 2.39191616604824,
  "output_estimated_traveltime_s": 47.838323320964804,
  "output_estimated_traveltime_min": 0.7973053886827467
}