{
  "path_name": "path_senario1_FMM2D_rank_133",
  "algorithm": "FMM2D",
  "success": true,
  "message": "ok",
  "path_nodes": 53,
  "total_cost": 55.56543239363763,
  "expanded_nodes": null,
  "visited_nodes": null,
  "runtime_seconds": null,
  "start": {
    "x": 105.53087943,
    "y": 21.00921067,
    "z": 0.0,
    "label": "DK01"
  },
  "end": {
    "x": 105.52566871,
    "y": 20.98624537,
    "z": 0.0,
    "label": "DK03"
  },
  "algorithm_path_distance_m": 2795.0996892209323,
  "algorithm_path_distance_km": 2.7950996892209323,
  "algorithm_estimated_traveltime_s": 55.90199378441867,
  "algorithm_estimated_traveltime_min": 0.9316998964069778,
  "output_path_distance_m": 2795.0996892209323,
  "output_path_distance_km": 2.7950996892209323,
  "output_estimated_traveltime_s": 55.90199378441867,
  "output_estimated_traveltime_min": 0.9316998964069778
}