{
  "path_name": "path_senario1_FMM2D_rank_203",
  "algorithm": "FMM2D",
  "success": true,
  "message": "ok",
  "path_nodes": 66,
  "total_cost": 74.2024669024897,
  "expanded_nodes": null,
  "visited_nodes": null,
  "runtime_seconds": null,
  "start": {
    "x": 105.53939267,
    "y": 20.98356076,
    "z": 0.0,
    "label": "DB02"
  },
  "end": {
    "x": 105.52868874,
    "y": 21.01252858,
    "z": 0.0,
    "label": "DK06"
  },
  "algorithm_path_distance_m": 3730.183697905274,
  "algorithm_path_distance_km": 3.7301836979052743,
  "algorithm_estimated_traveltime_s": 74.60367395810546,
  "algorithm_estimated_traveltime_min": 1.2433945659684242,
  "output_path_distance_m": 3730.183697905274,
  "output_path_distance_km": 3.7301836979052743,
  "output_estimated_traveltime_s": 74.60367395810546,
  "output_estimated_traveltime_min": 1.2433945659684242
}