{
  "path_name": "path_senario1_FMM2D_rank_104",
  "algorithm": "FMM2D",
  "success": true,
  "message": "ok",
  "path_nodes": 35,
  "total_cost": 46.340563553091435,
  "expanded_nodes": null,
  "visited_nodes": null,
  "runtime_seconds": null,
  "start": {
    "x": 105.5421057,
    "y": 20.99979136,
    "z": 0.0,
    "label": "DB01"
  },
  "end": {
    "x": 105.52566871,
    "y": 20.98624537,
    "z": 0.0,
    "label": "DK03"
  },
  "algorithm_path_distance_m": 2324.401542947146,
  "algorithm_path_distance_km": 2.324401542947146,
  "algorithm_estimated_traveltime_s": 46.48803085894291,
  "algorithm_estimated_traveltime_min": 0.7748005143157152,
  "output_path_distance_m": 2324.401542947146,
  "output_path_distance_km": 2.324401542947146,
  "output_estimated_traveltime_s": 46.48803085894291,
  "output_estimated_traveltime_min": 0.7748005143157152
}