{
  "path_name": "path_senario1_FMM2D_rank_002",
  "algorithm": "FMM2D",
  "success": true,
  "message": "ok",
  "path_nodes": 30,
  "total_cost": 56.546585110996865,
  "expanded_nodes": null,
  "visited_nodes": null,
  "runtime_seconds": null,
  "start": {
    "x": 105.53939267,
    "y": 20.98356076,
    "z": 0.0,
    "label": "DB02"
  },
  "end": {
    "x": 105.52566871,
    "y": 20.98624537,
    "z": 0.0,
    "label": "DK03"
  },
  "algorithm_path_distance_m": 1570.1396097663694,
  "algorithm_path_distance_km": 1.5701396097663693,
  "algorithm_estimated_traveltime_s": 56.590925820047836,
  "algorithm_estimated_traveltime_min": 0.9431820970007972,
  "output_path_distance_m": 1570.1396097663694,
  "output_path_distance_km": 1.5701396097663693,
  "output_estimated_traveltime_s": 56.590925820047836,
  "output_estimated_traveltime_min": 0.9431820970007972
}