{
  "path_name": "path_senario1_FMM2D_rank_261",
  "algorithm": "FMM2D",
  "success": true,
  "message": "ok",
  "path_nodes": 88,
  "total_cost": 106.43144146366055,
  "expanded_nodes": null,
  "visited_nodes": null,
  "runtime_seconds": null,
  "start": {
    "x": 105.52566871,
    "y": 20.98624537,
    "z": 0.0,
    "label": "DK03"
  },
  "end": {
    "x": 105.56651475,
    "y": 21.00380188,
    "z": 0.0,
    "label": "DK05"
  },
  "algorithm_path_distance_m": 5334.092706363341,
  "algorithm_path_distance_km": 5.334092706363341,
  "algorithm_estimated_traveltime_s": 106.68185412726686,
  "algorithm_estimated_traveltime_min": 1.7780309021211143,
  "output_path_distance_m": 5334.092706363341,
  "output_path_distance_km": 5.334092706363341,
  "output_estimated_traveltime_s": 106.68185412726686,
  "output_estimated_traveltime_min": 1.7780309021211143
}