{
  "path_name": "path_senario1_FMM2D_rank_019",
  "algorithm": "FMM2D",
  "success": true,
  "message": "ok",
  "path_nodes": 61,
  "total_cost": 160.5399693921523,
  "expanded_nodes": null,
  "visited_nodes": null,
  "runtime_seconds": null,
  "start": {
    "x": 105.5421057,
    "y": 20.99979136,
    "z": 0.0,
    "label": "DB01"
  },
  "end": {
    "x": 105.51294633,
    "y": 20.99589658,
    "z": 0.0,
    "label": "DK04"
  },
  "algorithm_path_distance_m": 3203.2851915775095,
  "algorithm_path_distance_km": 3.2032851915775096,
  "algorithm_estimated_traveltime_s": 160.63943613372206,
  "algorithm_estimated_traveltime_min": 2.6773239355620344,
  "output_path_distance_m": 3203.2851915775095,
  "output_path_distance_km": 3.2032851915775096,
  "output_estimated_traveltime_s": 160.63943613372206,
  "output_estimated_traveltime_min": 2.6773239355620344
}