{
  "path_name": "path_senario1_FMM2D_rank_226",
  "algorithm": "FMM2D",
  "success": true,
  "message": "ok",
  "path_nodes": 84,
  "total_cost": 85.58835507812492,
  "expanded_nodes": null,
  "visited_nodes": null,
  "runtime_seconds": null,
  "start": {
    "x": 105.53939267,
    "y": 20.98356076,
    "z": 0.0,
    "label": "DB02"
  },
  "end": {
    "x": 105.54310305,
    "y": 21.02092294,
    "z": 0.0,
    "label": "DK02"
  },
  "algorithm_path_distance_m": 4307.815634346125,
  "algorithm_path_distance_km": 4.307815634346125,
  "algorithm_estimated_traveltime_s": 86.15631268692243,
  "algorithm_estimated_traveltime_min": 1.4359385447820405,
  "output_path_distance_m": 4307.815634346125,
  "output_path_distance_km": 4.307815634346125,
  "output_estimated_traveltime_s": 86.15631268692243,
  "output_estimated_traveltime_min": 1.4359385447820405
}