{
  "path_name": "path_senario1_FMM2D_rank_206",
  "algorithm": "FMM2D",
  "success": true,
  "message": "ok",
  "path_nodes": 76,
  "total_cost": 80.73628900097157,
  "expanded_nodes": null,
  "visited_nodes": null,
  "runtime_seconds": null,
  "start": {
    "x": 105.53087943,
    "y": 21.00921067,
    "z": 0.0,
    "label": "DK01"
  },
  "end": {
    "x": 105.56651475,
    "y": 21.00380188,
    "z": 0.0,
    "label": "DK05"
  },
  "algorithm_path_distance_m": 4040.598395835702,
  "algorithm_path_distance_km": 4.040598395835702,
  "algorithm_estimated_traveltime_s": 80.811967916714,
  "algorithm_estimated_traveltime_min": 1.3468661319452333,
  "output_path_distance_m": 4040.598395835702,
  "output_path_distance_km": 4.040598395835702,
  "output_estimated_traveltime_s": 80.811967916714,
  "output_estimated_traveltime_min": 1.3468661319452333
}