{
  "path_name": "path_senario1_FMM2D_rank_079",
  "algorithm": "FMM2D",
  "success": true,
  "message": "ok",
  "path_nodes": 37,
  "total_cost": 38.08348693303522,
  "expanded_nodes": null,
  "visited_nodes": null,
  "runtime_seconds": null,
  "start": {
    "x": 105.5421057,
    "y": 20.99979136,
    "z": 0.0,
    "label": "DB01"
  },
  "end": {
    "x": 105.53939267,
    "y": 20.98356076,
    "z": 0.0,
    "label": "DB02"
  },
  "algorithm_path_distance_m": 1916.283438940763,
  "algorithm_path_distance_km": 1.916283438940763,
  "algorithm_estimated_traveltime_s": 38.32566877881525,
  "algorithm_estimated_traveltime_min": 0.6387611463135875,
  "output_path_distance_m": 1916.283438940763,
  "output_path_distance_km": 1.916283438940763,
  "output_estimated_traveltime_s": 38.32566877881525,
  "output_estimated_traveltime_min": 0.6387611463135875
}