{
  "path_name": "path_senario1_FMM2D_rank_091",
  "algorithm": "FMM2D",
  "success": true,
  "message": "ok",
  "path_nodes": 30,
  "total_cost": 40.08042137045656,
  "expanded_nodes": null,
  "visited_nodes": null,
  "runtime_seconds": null,
  "start": {
    "x": 105.5421057,
    "y": 20.99979136,
    "z": 0.0,
    "label": "DB01"
  },
  "end": {
    "x": 105.52868874,
    "y": 21.01252858,
    "z": 0.0,
    "label": "DK06"
  },
  "algorithm_path_distance_m": 2011.1223701674144,
  "algorithm_path_distance_km": 2.0111223701674144,
  "algorithm_estimated_traveltime_s": 40.22244740334829,
  "algorithm_estimated_traveltime_min": 0.6703741233891382,
  "output_path_distance_m": 2011.1223701674144,
  "output_path_distance_km": 2.0111223701674144,
  "output_estimated_traveltime_s": 40.22244740334829,
  "output_estimated_traveltime_min": 0.6703741233891382
}