{
  "path_name": "path_senario1_FMM2D_rank_119",
  "algorithm": "FMM2D",
  "success": true,
  "message": "ok",
  "path_nodes": 39,
  "total_cost": 49.85063009354214,
  "expanded_nodes": null,
  "visited_nodes": null,
  "runtime_seconds": null,
  "start": {
    "x": 105.53087943,
    "y": 21.00921067,
    "z": 0.0,
    "label": "DK01"
  },
  "end": {
    "x": 105.51294633,
    "y": 20.99589658,
    "z": 0.0,
    "label": "DK04"
  },
  "algorithm_path_distance_m": 2499.9446022562183,
  "algorithm_path_distance_km": 2.4999446022562184,
  "algorithm_estimated_traveltime_s": 49.99889204512438,
  "algorithm_estimated_traveltime_min": 0.8333148674187396,
  "output_path_distance_m": 2499.9446022562183,
  "output_path_distance_km": 2.4999446022562184,
  "output_estimated_traveltime_s": 49.99889204512438,
  "output_estimated_traveltime_min": 0.8333148674187396
}