path_rank,path_step,node_index,segment_distance_m,distance_from_start_m,distance_from_start_km,segment_traveltime_s,traveltime_from_start_s,traveltime_from_start_min,x,y,z,slowness,label
32,0,15465,0.00000000,0.00000000,0.00000000,0.00000000,0.00000000,0.00000000,105.53087943,21.00921067,0.00000000,0.00000000,DK01
32,1,9171,33.20088455,33.20088455,0.03320088,0.33200885,0.33200885,0.00553348,105.53090677,21.00950992,0.00000000,0.02000000,N
32,2,9317,70.66409464,103.86497919,0.10386498,1.41328189,1.74529074,0.02908818,105.53042726,21.00996318,0.00000000,0.02000000,N
32,3,9463,70.66398787,174.52896706,0.17452897,1.41327976,3.15857050,0.05264284,105.52994775,21.01041644,0.00000000,0.02000000,N
32,4,9610,49.93782375,224.46679082,0.22446679,0.99875648,4.15732697,0.06928878,105.52994934,21.01086820,0.00000000,0.02000000,N
32,5,9756,70.66450750,295.13129832,0.29513130,1.41329015,5.57061712,0.09284362,105.52946982,21.01132146,0.00000000,0.02000000,N
32,6,9902,70.66440073,365.79569905,0.36579570,1.41328801,6.98390514,0.11639842,105.52899030,21.01177472,0.00000000,0.02000000,N
32,7,10049,49.93782720,415.73352625,0.41573353,0.99875654,7.98266168,0.13304436,105.52899190,21.01222648,0.00000000,0.02000000,N
32,8,15456,45.90912597,461.64265222,0.46164265,0.45909126,8.44175294,0.14069588,105.52868874,21.01252858,0.00000000,0.00000000,DK06
