{
  "path_name": "path_senario1_FMM2D_rank_047",
  "algorithm": "FMM2D",
  "success": true,
  "message": "ok",
  "path_nodes": 30,
  "total_cost": 32.64549644822492,
  "expanded_nodes": null,
  "visited_nodes": null,
  "runtime_seconds": null,
  "start": {
    "x": 105.53939267,
    "y": 20.98356076,
    "z": 0.0,
    "label": "DB02"
  },
  "end": {
    "x": 105.52566871,
    "y": 20.98624537,
    "z": 0.0,
    "label": "DK03"
  },
  "algorithm_path_distance_m": 1634.7723277584364,
  "algorithm_path_distance_km": 1.6347723277584365,
  "algorithm_estimated_traveltime_s": 32.69544655516873,
  "algorithm_estimated_traveltime_min": 0.5449241092528122,
  "output_path_distance_m": 1634.7723277584364,
  "output_path_distance_km": 1.6347723277584365,
  "output_estimated_traveltime_s": 32.69544655516873,
  "output_estimated_traveltime_min": 0.5449241092528122
}