{
  "path_name": "path_senario1_FMM2D_rank_027",
  "algorithm": "FMM2D",
  "success": true,
  "message": "ok",
  "path_nodes": 77,
  "total_cost": 244.9693586785545,
  "expanded_nodes": null,
  "visited_nodes": null,
  "runtime_seconds": null,
  "start": {
    "x": 105.54310305,
    "y": 21.02092294,
    "z": 0.0,
    "label": "DK02"
  },
  "end": {
    "x": 105.51294633,
    "y": 20.99589658,
    "z": 0.0,
    "label": "DK04"
  },
  "algorithm_path_distance_m": 4673.437407085094,
  "algorithm_path_distance_km": 4.6734374070850935,
  "algorithm_estimated_traveltime_s": 245.76807580621582,
  "algorithm_estimated_traveltime_min": 4.096134596770264,
  "output_path_distance_m": 4673.437407085094,
  "output_path_distance_km": 4.6734374070850935,
  "output_estimated_traveltime_s": 245.76807580621582,
  "output_estimated_traveltime_min": 4.096134596770264
}