{
  "path_name": "path_senario1_FMM2D_rank_036",
  "algorithm": "FMM2D",
  "success": true,
  "message": "ok",
  "path_nodes": 24,
  "total_cost": 32.34190532855298,
  "expanded_nodes": null,
  "visited_nodes": null,
  "runtime_seconds": null,
  "start": {
    "x": 105.5421057,
    "y": 20.99979136,
    "z": 0.0,
    "label": "DB01"
  },
  "end": {
    "x": 105.53087943,
    "y": 21.00921067,
    "z": 0.0,
    "label": "DK01"
  },
  "algorithm_path_distance_m": 1622.5400662968816,
  "algorithm_path_distance_km": 1.6225400662968816,
  "algorithm_estimated_traveltime_s": 32.45080132593763,
  "algorithm_estimated_traveltime_min": 0.5408466887656272,
  "output_path_distance_m": 1622.5400662968816,
  "output_path_distance_km": 1.6225400662968816,
  "output_estimated_traveltime_s": 32.45080132593763,
  "output_estimated_traveltime_min": 0.5408466887656272
}