{
  "path_name": "path_senario1_FMM2D_rank_017",
  "algorithm": "FMM2D",
  "success": true,
  "message": "ok",
  "path_nodes": 59,
  "total_cost": 157.26031738256964,
  "expanded_nodes": null,
  "visited_nodes": null,
  "runtime_seconds": null,
  "start": {
    "x": 105.52566871,
    "y": 20.98624537,
    "z": 0.0,
    "label": "DK03"
  },
  "end": {
    "x": 105.52868874,
    "y": 21.01252858,
    "z": 0.0,
    "label": "DK06"
  },
  "algorithm_path_distance_m": 3058.717404535575,
  "algorithm_path_distance_km": 3.058717404535575,
  "algorithm_estimated_traveltime_s": 158.28371740132218,
  "algorithm_estimated_traveltime_min": 2.638061956688703,
  "output_path_distance_m": 3058.717404535575,
  "output_path_distance_km": 3.058717404535575,
  "output_estimated_traveltime_s": 158.28371740132218,
  "output_estimated_traveltime_min": 2.638061956688703
}