{
  "path_name": "path_senario1_FMM2D_rank_183",
  "algorithm": "FMM2D",
  "success": true,
  "message": "ok",
  "path_nodes": 56,
  "total_cost": 66.8622275973236,
  "expanded_nodes": null,
  "visited_nodes": null,
  "runtime_seconds": null,
  "start": {
    "x": 105.53939267,
    "y": 20.98356076,
    "z": 0.0,
    "label": "DB02"
  },
  "end": {
    "x": 105.51294633,
    "y": 20.99589658,
    "z": 0.0,
    "label": "DK04"
  },
  "algorithm_path_distance_m": 3350.2895261809235,
  "algorithm_path_distance_km": 3.3502895261809233,
  "algorithm_estimated_traveltime_s": 67.00579052361843,
  "algorithm_estimated_traveltime_min": 1.1167631753936405,
  "output_path_distance_m": 3350.2895261809235,
  "output_path_distance_km": 3.3502895261809233,
  "output_estimated_traveltime_s": 67.00579052361843,
  "output_estimated_traveltime_min": 1.1167631753936405
}