{
  "path_name": "path_senario1_FMM2D_rank_021",
  "algorithm": "FMM2D",
  "success": true,
  "message": "ok",
  "path_nodes": 75,
  "total_cost": 190.02360878393443,
  "expanded_nodes": null,
  "visited_nodes": null,
  "runtime_seconds": null,
  "start": {
    "x": 105.53087943,
    "y": 21.00921067,
    "z": 0.0,
    "label": "DK01"
  },
  "end": {
    "x": 105.56651475,
    "y": 21.00380188,
    "z": 0.0,
    "label": "DK05"
  },
  "algorithm_path_distance_m": 4162.692355266298,
  "algorithm_path_distance_km": 4.162692355266298,
  "algorithm_estimated_traveltime_s": 190.25226021382022,
  "algorithm_estimated_traveltime_min": 3.1708710035636702,
  "output_path_distance_m": 4162.692355266298,
  "output_path_distance_km": 4.162692355266298,
  "output_estimated_traveltime_s": 190.25226021382022,
  "output_estimated_traveltime_min": 3.1708710035636702
}