{
  "path_name": "path_senario1_FMM2D_rank_006",
  "algorithm": "FMM2D",
  "success": true,
  "message": "ok",
  "path_nodes": 27,
  "total_cost": 84.31678189466163,
  "expanded_nodes": null,
  "visited_nodes": null,
  "runtime_seconds": null,
  "start": {
    "x": 105.52566871,
    "y": 20.98624537,
    "z": 0.0,
    "label": "DK03"
  },
  "end": {
    "x": 105.51294633,
    "y": 20.99589658,
    "z": 0.0,
    "label": "DK04"
  },
  "algorithm_path_distance_m": 1771.6249578355978,
  "algorithm_path_distance_km": 1.7716249578355978,
  "algorithm_estimated_traveltime_s": 84.58284356051946,
  "algorithm_estimated_traveltime_min": 1.409714059341991,
  "output_path_distance_m": 1771.6249578355978,
  "output_path_distance_km": 1.7716249578355978,
  "output_estimated_traveltime_s": 84.58284356051946,
  "output_estimated_traveltime_min": 1.409714059341991
}