{
  "path_name": "path_senario1_FMM2D_rank_193",
  "algorithm": "FMM2D",
  "success": true,
  "message": "ok",
  "path_nodes": 58,
  "total_cost": 68.91235590137254,
  "expanded_nodes": null,
  "visited_nodes": null,
  "runtime_seconds": null,
  "start": {
    "x": 105.54310305,
    "y": 21.02092294,
    "z": 0.0,
    "label": "DK02"
  },
  "end": {
    "x": 105.56651475,
    "y": 21.00380188,
    "z": 0.0,
    "label": "DK05"
  },
  "algorithm_path_distance_m": 3455.820780201243,
  "algorithm_path_distance_km": 3.455820780201243,
  "algorithm_estimated_traveltime_s": 69.11641560402487,
  "algorithm_estimated_traveltime_min": 1.1519402600670812,
  "output_path_distance_m": 3455.820780201243,
  "output_path_distance_km": 3.455820780201243,
  "output_estimated_traveltime_s": 69.11641560402487,
  "output_estimated_traveltime_min": 1.1519402600670812
}