{
  "path_name": "path_senario1_FMM2D",
  "algorithm": "FMM2D",
  "success": true,
  "message": "ok",
  "path_nodes": 9,
  "total_cost": 17.8638033964966,
  "expanded_nodes": null,
  "visited_nodes": null,
  "runtime_seconds": null,
  "start": {
    "x": 105.53087943,
    "y": 21.00921067,
    "z": 0.0,
    "label": "DK01"
  },
  "end": {
    "x": 105.52868874,
    "y": 21.01252858,
    "z": 0.0,
    "label": "DK06"
  },
  "algorithm_path_distance_m": 467.5359496142351,
  "algorithm_path_distance_km": 0.4675359496142351,
  "algorithm_estimated_traveltime_s": 17.946609385223013,
  "algorithm_estimated_traveltime_min": 0.2991101564203836,
  "output_path_distance_m": 467.5359496142351,
  "output_path_distance_km": 0.4675359496142351,
  "output_estimated_traveltime_s": 17.946609385223013,
  "output_estimated_traveltime_min": 0.2991101564203836
}