{
  "path_name": "path_senario1_FMM2D_rank_023",
  "algorithm": "FMM2D",
  "success": true,
  "message": "ok",
  "path_nodes": 53,
  "total_cost": 195.72588698207932,
  "expanded_nodes": null,
  "visited_nodes": null,
  "runtime_seconds": null,
  "start": {
    "x": 105.54310305,
    "y": 21.02092294,
    "z": 0.0,
    "label": "DK02"
  },
  "end": {
    "x": 105.56651475,
    "y": 21.00380188,
    "z": 0.0,
    "label": "DK05"
  },
  "algorithm_path_distance_m": 3350.7954631936896,
  "algorithm_path_distance_km": 3.3507954631936894,
  "algorithm_estimated_traveltime_s": 196.35156093630923,
  "algorithm_estimated_traveltime_min": 3.2725260156051537,
  "output_path_distance_m": 3350.7954631936896,
  "output_path_distance_km": 3.3507954631936894,
  "output_estimated_traveltime_s": 196.35156093630923,
  "output_estimated_traveltime_min": 3.2725260156051537
}