{
  "path_name": "path_senario1_FMM2D_rank_169",
  "algorithm": "FMM2D",
  "success": true,
  "message": "ok",
  "path_nodes": 59,
  "total_cost": 66.0530872264731,
  "expanded_nodes": null,
  "visited_nodes": null,
  "runtime_seconds": null,
  "start": {
    "x": 105.53939267,
    "y": 20.98356076,
    "z": 0.0,
    "label": "DB02"
  },
  "end": {
    "x": 105.53087943,
    "y": 21.00921067,
    "z": 0.0,
    "label": "DK01"
  },
  "algorithm_path_distance_m": 3320.419493771935,
  "algorithm_path_distance_km": 3.3204194937719347,
  "algorithm_estimated_traveltime_s": 66.40838987543866,
  "algorithm_estimated_traveltime_min": 1.1068064979239776,
  "output_path_distance_m": 3320.419493771935,
  "output_path_distance_km": 3.3204194937719347,
  "output_estimated_traveltime_s": 66.40838987543866,
  "output_estimated_traveltime_min": 1.1068064979239776
}