{
  "path_name": "path_senario1_FMM2D_rank_235",
  "algorithm": "FMM2D",
  "success": true,
  "message": "ok",
  "path_nodes": 64,
  "total_cost": 85.90541895206046,
  "expanded_nodes": null,
  "visited_nodes": null,
  "runtime_seconds": null,
  "start": {
    "x": 105.54310305,
    "y": 21.02092294,
    "z": 0.0,
    "label": "DK02"
  },
  "end": {
    "x": 105.51294633,
    "y": 20.99589658,
    "z": 0.0,
    "label": "DK04"
  },
  "algorithm_path_distance_m": 4309.11889497267,
  "algorithm_path_distance_km": 4.30911889497267,
  "algorithm_estimated_traveltime_s": 86.18237789945337,
  "algorithm_estimated_traveltime_min": 1.4363729649908896,
  "output_path_distance_m": 4309.11889497267,
  "output_path_distance_km": 4.30911889497267,
  "output_estimated_traveltime_s": 86.18237789945337,
  "output_estimated_traveltime_min": 1.4363729649908896
}