path_step,node_index,segment_distance_m,distance_from_start_m,distance_from_start_km,segment_traveltime_s,traveltime_from_start_s,traveltime_from_start_min,x,y,z,slowness,label
0,15436,0.00000000,0.00000000,0.00000000,0.00000000,0.00000000,0.00000000,105.53939267,20.98356076,0.00000000,0.00000000,DB02
1,662,51.84426335,51.84426335,0.05184426,0.52192735,0.52192735,0.00869879,105.53899155,20.98328198,0.00000000,0.02013443,N
2,658,199.98786347,251.83212683,0.25183213,4.30545872,4.82738606,0.08045643,105.53706745,20.98328806,0.00000000,0.02292277,N
3,1526,761.38879806,1013.22092489,1.01322092,27.35293445,32.18032051,0.53633868,105.53034268,20.98601974,0.00000000,0.04892734,N
4,15439,486.43276196,1499.65368685,1.49965369,16.76425819,48.94457870,0.81574298,105.52566871,20.98624537,0.00000000,0.02000000,DK03
