{
  "path_name": "path_senario1_dijkstra",
  "algorithm": "dijkstra",
  "success": true,
  "message": "Path found.",
  "path_nodes": 58,
  "total_cost": 57.0,
  "expanded_nodes": 5306,
  "visited_nodes": 5306,
  "runtime_seconds": 0.11309361457824707,
  "start": {
    "x": 105.53939267,
    "y": 20.98356076,
    "z": 0.0,
    "label": "DB02"
  },
  "end": {
    "x": 105.53087943,
    "y": 21.00921067,
    "z": 0.0,
    "label": "DK01"
  },
  "algorithm_path_distance_m": 3979.0951385558665,
  "algorithm_path_distance_km": 3.9790951385558664,
  "algorithm_estimated_traveltime_s": 213.33984684919852,
  "algorithm_estimated_traveltime_min": 3.5556641141533087,
  "output_path_distance_m": 3979.0951385558665,
  "output_path_distance_km": 3.9790951385558664,
  "output_estimated_traveltime_s": 213.33984684919852,
  "output_estimated_traveltime_min": 3.5556641141533087
}