{
  "path_name": "path_senario1_dstar",
  "algorithm": "dstar",
  "success": true,
  "message": "Path found.",
  "path_nodes": 56,
  "total_cost": 140.60781319288589,
  "expanded_nodes": 1959,
  "visited_nodes": 2051,
  "runtime_seconds": 0.756211519241333,
  "start": {
    "x": 105.53939267,
    "y": 20.98356076,
    "z": 0.0,
    "label": "DB02"
  },
  "end": {
    "x": 105.51294633,
    "y": 20.99589658,
    "z": 0.0,
    "label": "DK04"
  },
  "algorithm_path_distance_m": 3329.9999965528255,
  "algorithm_path_distance_km": 3.3299999965528255,
  "algorithm_estimated_traveltime_s": 140.60781319288589,
  "algorithm_estimated_traveltime_min": 2.343463553214765,
  "output_path_distance_m": 3329.9999965528255,
  "output_path_distance_km": 3.3299999965528255,
  "output_estimated_traveltime_s": 140.60781319288589,
  "output_estimated_traveltime_min": 2.343463553214765
}