{
  "path_name": "path_senario1_dijkstra",
  "algorithm": "dijkstra",
  "success": true,
  "message": "Path found.",
  "path_nodes": 56,
  "total_cost": 55.0,
  "expanded_nodes": 5078,
  "visited_nodes": 5078,
  "runtime_seconds": 0.09841251373291016,
  "start": {
    "x": 105.53939267,
    "y": 20.98356076,
    "z": 0.0,
    "label": "DB02"
  },
  "end": {
    "x": 105.51294633,
    "y": 20.99589658,
    "z": 0.0,
    "label": "DK04"
  },
  "algorithm_path_distance_m": 3517.627984601781,
  "algorithm_path_distance_km": 3.517627984601781,
  "algorithm_estimated_traveltime_s": 152.0578183988818,
  "algorithm_estimated_traveltime_min": 2.5342969733146967,
  "output_path_distance_m": 3517.627984601781,
  "output_path_distance_km": 3.517627984601781,
  "output_estimated_traveltime_s": 152.0578183988818,
  "output_estimated_traveltime_min": 2.5342969733146967
}