{
  "path_name": "path_senario1_thetastar",
  "algorithm": "thetastar",
  "success": true,
  "message": "Path found by A* and post-smoothed by Theta* line-of-sight. nodes: 83 -> 7",
  "path_nodes": 7,
  "total_cost": 180.77626610400736,
  "expanded_nodes": 4523,
  "visited_nodes": 4523,
  "runtime_seconds": 1.8706262111663818,
  "start": {
    "x": 105.53939267,
    "y": 20.98356076,
    "z": 0.0,
    "label": "DB02"
  },
  "end": {
    "x": 105.54310305,
    "y": 21.02092294,
    "z": 0.0,
    "label": "DK02"
  },
  "algorithm_path_distance_m": 4239.911926771447,
  "algorithm_path_distance_km": 4.2399119267714465,
  "algorithm_estimated_traveltime_s": 125.9309586700793,
  "algorithm_estimated_traveltime_min": 2.0988493111679882,
  "output_path_distance_m": 4239.911926771447,
  "output_path_distance_km": 4.2399119267714465,
  "output_estimated_traveltime_s": 125.9309586700793,
  "output_estimated_traveltime_min": 2.0988493111679882
}