layer,min,max,mean,std
dem_m,2.0,95.0,18.120359955005625,8.47197369846664
slope_degree,0.0,23.00575570200226,2.8124892758000226,2.070054179129612
slope_percent,0.0,42.45933772559126,4.923207249245311,3.663597873610189
roughness_3x3_m,0.0,31.0,3.776745033716056,2.4761671597171513
tpi_3x3_m,-4.333333333333334,4.666666666666666,-0.00037792894935751787,0.6654882393541407
