{
  "path_name": "path_senario1_floodfill",
  "algorithm": "floodfill",
  "success": true,
  "message": "Path found by flood-fill/BFS.",
  "path_nodes": 25,
  "total_cost": 24.0,
  "expanded_nodes": 2260,
  "visited_nodes": 2455,
  "runtime_seconds": 0.03686642646789551,
  "start": {
    "x": 105.5421057,
    "y": 20.99979136,
    "z": 0.0,
    "label": "DB01"
  },
  "end": {
    "x": 105.53087943,
    "y": 21.00921067,
    "z": 0.0,
    "label": "DK01"
  },
  "algorithm_path_distance_m": 1651.9116813414803,
  "algorithm_path_distance_km": 1.6519116813414803,
  "algorithm_estimated_traveltime_s": 61.366459846252084,
  "algorithm_estimated_traveltime_min": 1.022774330770868,
  "output_path_distance_m": 1651.9116813414803,
  "output_path_distance_km": 1.6519116813414803,
  "output_estimated_traveltime_s": 61.366459846252084,
  "output_estimated_traveltime_min": 1.022774330770868
}