node_id,node_type,model_index,x,y,source_label,is_accessible,blocked_reason,access_radius_m,nearby_model_points,nearby_flyable_access_points,nearest_flyable_access_distance_m
DB01,DB,,105.5421057,20.99979136,DB01,True,,80.0,9,8,27.863972753112233
DB02,DB,,105.53939267,20.98356076,DB02,True,,80.0,8,6,20.760404679207255
DK01,DK,,105.53087943,21.00921067,DK01,True,,80.0,8,4,33.2008917128898
DK02,DK,,105.54310305,21.02092294,DK02,True,,80.0,9,8,21.842696899444224
DK03,DK,,105.52566871,20.98624537,DK03,True,,80.0,9,7,27.265899435406936
DK04,DK,,105.51294633,20.99589658,DK04,True,,80.0,9,8,17.312574583524025
DK05,DK,,105.56651475,21.00380188,DK05,True,,80.0,8,6,19.226261943844452
DK06,DK,,105.52868874,21.01252858,DK06,True,,80.0,9,6,24.80211594628957
