{
  "path_name": "path_senario1_astar",
  "algorithm": "astar",
  "success": true,
  "message": "Path found.",
  "path_nodes": 37,
  "total_cost": 61.32432984053596,
  "expanded_nodes": 864,
  "visited_nodes": 864,
  "runtime_seconds": 0.3132345676422119,
  "start": {
    "x": 105.5421057,
    "y": 20.99979136,
    "z": 0.0,
    "label": "DB01"
  },
  "end": {
    "x": 105.53939267,
    "y": 20.98356076,
    "z": 0.0,
    "label": "DB02"
  },
  "algorithm_path_distance_m": 1916.2914031801704,
  "algorithm_path_distance_km": 1.9162914031801703,
  "algorithm_estimated_traveltime_s": 61.32432984053596,
  "algorithm_estimated_traveltime_min": 1.0220721640089327,
  "output_path_distance_m": 1916.2914031801704,
  "output_path_distance_km": 1.9162914031801703,
  "output_estimated_traveltime_s": 61.32432984053596,
  "output_estimated_traveltime_min": 1.0220721640089327
}