{
  "path_name": "path_senario1_thetastar",
  "algorithm": "thetastar",
  "success": true,
  "message": "Path found by A* and post-smoothed by Theta* line-of-sight. nodes: 76 -> 3",
  "path_nodes": 3,
  "total_cost": 190.79979774623885,
  "expanded_nodes": 4524,
  "visited_nodes": 4524,
  "runtime_seconds": 1.6318676471710205,
  "start": {
    "x": 105.53939267,
    "y": 20.98356076,
    "z": 0.0,
    "label": "DB02"
  },
  "end": {
    "x": 105.56651475,
    "y": 21.00380188,
    "z": 0.0,
    "label": "DK05"
  },
  "algorithm_path_distance_m": 3726.9614308170067,
  "algorithm_path_distance_km": 3.7269614308170067,
  "algorithm_estimated_traveltime_s": 149.55455792066,
  "algorithm_estimated_traveltime_min": 2.4925759653443333,
  "output_path_distance_m": 3726.9614308170067,
  "output_path_distance_km": 3.7269614308170067,
  "output_estimated_traveltime_s": 149.55455792066,
  "output_estimated_traveltime_min": 2.4925759653443333
}