{
  "path_name": "path_senario1_floodfill",
  "algorithm": "floodfill",
  "success": true,
  "message": "Path found by flood-fill/BFS.",
  "path_nodes": 56,
  "total_cost": 55.0,
  "expanded_nodes": 4968,
  "visited_nodes": 5090,
  "runtime_seconds": 0.07863426208496094,
  "start": {
    "x": 105.53939267,
    "y": 20.98356076,
    "z": 0.0,
    "label": "DB02"
  },
  "end": {
    "x": 105.51294633,
    "y": 20.99589658,
    "z": 0.0,
    "label": "DK04"
  },
  "algorithm_path_distance_m": 3350.2783192673382,
  "algorithm_path_distance_km": 3.350278319267338,
  "algorithm_estimated_traveltime_s": 144.4073608653949,
  "algorithm_estimated_traveltime_min": 2.4067893477565816,
  "output_path_distance_m": 3350.2783192673382,
  "output_path_distance_km": 3.350278319267338,
  "output_estimated_traveltime_s": 144.4073608653949,
  "output_estimated_traveltime_min": 2.4067893477565816
}