{
  "path_name": "path_senario1_dijkstra",
  "algorithm": "dijkstra",
  "success": true,
  "message": "Path found.",
  "path_nodes": 25,
  "total_cost": 24.0,
  "expanded_nodes": 2312,
  "visited_nodes": 2312,
  "runtime_seconds": 0.045862674713134766,
  "start": {
    "x": 105.5421057,
    "y": 20.99979136,
    "z": 0.0,
    "label": "DB01"
  },
  "end": {
    "x": 105.53087943,
    "y": 21.00921067,
    "z": 0.0,
    "label": "DK01"
  },
  "algorithm_path_distance_m": 1675.1352728581946,
  "algorithm_path_distance_km": 1.6751352728581947,
  "algorithm_estimated_traveltime_s": 62.07292420331096,
  "algorithm_estimated_traveltime_min": 1.0345487367218493,
  "output_path_distance_m": 1675.1352728581946,
  "output_path_distance_km": 1.6751352728581947,
  "output_estimated_traveltime_s": 62.07292420331096,
  "output_estimated_traveltime_min": 1.0345487367218493
}