{
  "path_name": "path_senario1_dstar",
  "algorithm": "dstar",
  "success": true,
  "message": "Path found.",
  "path_nodes": 26,
  "total_cost": 61.50550803538704,
  "expanded_nodes": 1290,
  "visited_nodes": 1403,
  "runtime_seconds": 0.4782276153564453,
  "start": {
    "x": 105.5421057,
    "y": 20.99979136,
    "z": 0.0,
    "label": "DB01"
  },
  "end": {
    "x": 105.53087943,
    "y": 21.00921067,
    "z": 0.0,
    "label": "DK01"
  },
  "algorithm_path_distance_m": 1658.9493468163514,
  "algorithm_path_distance_km": 1.6589493468163514,
  "algorithm_estimated_traveltime_s": 61.50550803538704,
  "algorithm_estimated_traveltime_min": 1.025091800589784,
  "output_path_distance_m": 1658.9493468163514,
  "output_path_distance_km": 1.6589493468163514,
  "output_estimated_traveltime_s": 61.50550803538704,
  "output_estimated_traveltime_min": 1.025091800589784
}