path_step,node_index,segment_distance_m,distance_from_start_m,distance_from_start_km,segment_traveltime_s,traveltime_from_start_s,traveltime_from_start_min,x,y,z,slowness,label
0,15435,0.00000000,0.00000000,0.00000000,0.00000000,0.00000000,0.00000000,105.54210570,20.99979136,0.00000000,0.00000000,DB01
1,6397,249.15380221,249.15380221,0.24915380,2.87253156,2.87253156,0.04787553,105.54001694,21.00089768,0.00000000,0.02305830,N
2,6543,70.66402611,319.81782832,0.31981783,1.69540311,4.56793467,0.07613224,105.53953748,21.00135096,0.00000000,0.02492660,N
3,9026,1166.45597390,1486.27380221,1.48627380,38.11918050,42.68711517,0.71145192,105.53186739,21.00905515,0.00000000,0.04043237,N
4,9172,70.66420175,1556.93800397,1.55693800,2.84732003,45.53443520,0.75890725,105.53138788,21.00950841,0.00000000,0.04015497,N
5,15437,62.24998290,1619.18798687,1.61918799,1.87232293,47.40675813,0.79011264,105.53087943,21.00921067,0.00000000,0.02000000,DK01
