{
  "path_name": "path_senario1_dstar",
  "algorithm": "dstar",
  "success": true,
  "message": "Path found.",
  "path_nodes": 47,
  "total_cost": 118.8597721412623,
  "expanded_nodes": 2735,
  "visited_nodes": 2868,
  "runtime_seconds": 1.0598628520965576,
  "start": {
    "x": 105.5421057,
    "y": 20.99979136,
    "z": 0.0,
    "label": "DB01"
  },
  "end": {
    "x": 105.54310305,
    "y": 21.02092294,
    "z": 0.0,
    "label": "DK02"
  },
  "algorithm_path_distance_m": 2525.188188121204,
  "algorithm_path_distance_km": 2.525188188121204,
  "algorithm_estimated_traveltime_s": 118.8597721412623,
  "algorithm_estimated_traveltime_min": 1.9809962023543717,
  "output_path_distance_m": 2525.188188121204,
  "output_path_distance_km": 2.525188188121204,
  "output_estimated_traveltime_s": 118.8597721412623,
  "output_estimated_traveltime_min": 1.9809962023543717
}