{
  "path_name": "path_senario1_astar",
  "algorithm": "astar",
  "success": true,
  "message": "Path found.",
  "path_nodes": 61,
  "total_cost": 159.83178345431512,
  "expanded_nodes": 4416,
  "visited_nodes": 4416,
  "runtime_seconds": 1.6036615371704102,
  "start": {
    "x": 105.5421057,
    "y": 20.99979136,
    "z": 0.0,
    "label": "DB01"
  },
  "end": {
    "x": 105.51294633,
    "y": 20.99589658,
    "z": 0.0,
    "label": "DK04"
  },
  "algorithm_path_distance_m": 3194.4166043281184,
  "algorithm_path_distance_km": 3.1944166043281186,
  "algorithm_estimated_traveltime_s": 159.83178345431512,
  "algorithm_estimated_traveltime_min": 2.6638630575719184,
  "output_path_distance_m": 3194.4166043281184,
  "output_path_distance_km": 3.1944166043281186,
  "output_estimated_traveltime_s": 159.83178345431512,
  "output_estimated_traveltime_min": 2.6638630575719184
}