rank,total_cost,travel_cost,turn_cost,nodes,distance_from_start_m_final,distance_from_start_km_final,turn_count,total_turn_angle_degree
1,7.5082413628555535,0.0006126830469973252,7.507628679808556,28,1737.0697427226023,1.7370697427226023,4,135.13731623655397
2,7.989845165345224,0.0005859589241430462,7.98925920642108,26,1695.3277250173542,1.6953277250173542,3,143.80666571557944
3,9.535839404387453,0.0006645943020659393,9.535174810085389,29,1874.6569899977574,1.8746569899977574,5,171.63314658153698
