{
  "path_name": "path_senario1_FMM2D_rank_020",
  "algorithm": "FMM2D",
  "success": true,
  "message": "ok",
  "path_nodes": 68,
  "total_cost": 809.275012900272,
  "expanded_nodes": null,
  "visited_nodes": null,
  "runtime_seconds": null,
  "start": {
    "x": 105.56651475,
    "y": 21.00380188,
    "z": 0.0,
    "label": "DK05"
  },
  "end": {
    "x": 105.5421057,
    "y": 20.99979136,
    "z": 0.0,
    "label": "DB01"
  },
  "algorithm_path_distance_m": 3672.855481375592,
  "algorithm_path_distance_km": 3.6728554813755916,
  "algorithm_estimated_traveltime_s": 186.98896895745233,
  "algorithm_estimated_traveltime_min": 3.116482815957539,
  "output_path_distance_m": 3672.855481375592,
  "output_path_distance_km": 3.6728554813755916,
  "output_estimated_traveltime_s": 186.98896895745233,
  "output_estimated_traveltime_min": 3.116482815957539
}