{
  "path_name": "path_senario1_FMM2D_rank_087",
  "algorithm": "FMM2D",
  "success": true,
  "message": "ok",
  "path_nodes": 48,
  "total_cost": 153.1583105477325,
  "expanded_nodes": null,
  "visited_nodes": null,
  "runtime_seconds": null,
  "start": {
    "x": 105.52868874,
    "y": 21.01252858,
    "z": 0.0,
    "label": "DK06"
  },
  "end": {
    "x": 105.54310305,
    "y": 21.02092294,
    "z": 0.0,
    "label": "DK02"
  },
  "algorithm_path_distance_m": 2708.982774698348,
  "algorithm_path_distance_km": 2.708982774698348,
  "algorithm_estimated_traveltime_s": 153.6206376871259,
  "algorithm_estimated_traveltime_min": 2.5603439614520984,
  "output_path_distance_m": 2708.982774698348,
  "output_path_distance_km": 2.708982774698348,
  "output_estimated_traveltime_s": 153.6206376871259,
  "output_estimated_traveltime_min": 2.5603439614520984
}