{
  "path_name": "path_senario1_FMM2D_rank_100",
  "algorithm": "FMM2D",
  "success": true,
  "message": "ok",
  "path_nodes": 101,
  "total_cost": 1125.8767328026545,
  "expanded_nodes": null,
  "visited_nodes": null,
  "runtime_seconds": null,
  "start": {
    "x": 105.52868874,
    "y": 21.01252858,
    "z": 0.0,
    "label": "DK06"
  },
  "end": {
    "x": 105.52566871,
    "y": 20.98624537,
    "z": 0.0,
    "label": "DK03"
  },
  "algorithm_path_distance_m": 5805.1683508671185,
  "algorithm_path_distance_km": 5.805168350867119,
  "algorithm_estimated_traveltime_s": 212.8088098637242,
  "algorithm_estimated_traveltime_min": 3.5468134977287367,
  "output_path_distance_m": 5805.1683508671185,
  "output_path_distance_km": 5.805168350867119,
  "output_estimated_traveltime_s": 212.8088098637242,
  "output_estimated_traveltime_min": 3.5468134977287367
}