{
  "path_name": "path_senario1_FMM2D_rank_104",
  "algorithm": "FMM2D",
  "success": true,
  "message": "ok",
  "path_nodes": 124,
  "total_cost": 4143.650204791092,
  "expanded_nodes": null,
  "visited_nodes": null,
  "runtime_seconds": null,
  "start": {
    "x": 105.56651475,
    "y": 21.00380188,
    "z": 0.0,
    "label": "DK05"
  },
  "end": {
    "x": 105.51294633,
    "y": 20.99589658,
    "z": 0.0,
    "label": "DK04"
  },
  "algorithm_path_distance_m": 6841.467882789525,
  "algorithm_path_distance_km": 6.841467882789525,
  "algorithm_estimated_traveltime_s": 329.43032032721254,
  "algorithm_estimated_traveltime_min": 5.490505338786876,
  "output_path_distance_m": 6841.467882789525,
  "output_path_distance_km": 6.841467882789525,
  "output_estimated_traveltime_s": 329.43032032721254,
  "output_estimated_traveltime_min": 5.490505338786876
}