{
  "path_name": "path_senario1_FMM2D_rank_109",
  "algorithm": "FMM2D",
  "success": true,
  "message": "ok",
  "path_nodes": 81,
  "total_cost": 205.95242094454827,
  "expanded_nodes": null,
  "visited_nodes": null,
  "runtime_seconds": null,
  "start": {
    "x": 105.56651475,
    "y": 21.00380188,
    "z": 0.0,
    "label": "DK05"
  },
  "end": {
    "x": 105.52868874,
    "y": 21.01252858,
    "z": 0.0,
    "label": "DK06"
  },
  "algorithm_path_distance_m": 4551.274655047024,
  "algorithm_path_distance_km": 4.551274655047024,
  "algorithm_estimated_traveltime_s": 206.24791435670136,
  "algorithm_estimated_traveltime_min": 3.437465239278356,
  "output_path_distance_m": 4551.274655047024,
  "output_path_distance_km": 4.551274655047024,
  "output_estimated_traveltime_s": 206.24791435670136,
  "output_estimated_traveltime_min": 3.437465239278356
}