{
  "path_name": "path_senario1_FMM2D_rank_086",
  "algorithm": "FMM2D",
  "success": true,
  "message": "ok",
  "path_nodes": 35,
  "total_cost": 125.20572159548195,
  "expanded_nodes": null,
  "visited_nodes": null,
  "runtime_seconds": null,
  "start": {
    "x": 105.54310305,
    "y": 21.02092294,
    "z": 0.0,
    "label": "DK02"
  },
  "end": {
    "x": 105.52868874,
    "y": 21.01252858,
    "z": 0.0,
    "label": "DK06"
  },
  "algorithm_path_distance_m": 2071.59897030961,
  "algorithm_path_distance_km": 2.0715989703096103,
  "algorithm_estimated_traveltime_s": 113.62359960066492,
  "algorithm_estimated_traveltime_min": 1.893726660011082,
  "output_path_distance_m": 2071.59897030961,
  "output_path_distance_km": 2.0715989703096103,
  "output_estimated_traveltime_s": 113.62359960066492,
  "output_estimated_traveltime_min": 1.893726660011082
}