{
  "path_name": "path_senario1_FMM2D_rank_010",
  "algorithm": "FMM2D",
  "success": true,
  "message": "ok",
  "path_nodes": 43,
  "total_cost": 132.4462903520502,
  "expanded_nodes": null,
  "visited_nodes": null,
  "runtime_seconds": null,
  "start": {
    "x": 105.5421057,
    "y": 20.99979136,
    "z": 0.0,
    "label": "DB01"
  },
  "end": {
    "x": 105.52566871,
    "y": 20.98624537,
    "z": 0.0,
    "label": "DK03"
  },
  "algorithm_path_distance_m": 2667.7931347425674,
  "algorithm_path_distance_km": 2.6677931347425674,
  "algorithm_estimated_traveltime_s": 119.44925240683442,
  "algorithm_estimated_traveltime_min": 1.9908208734472403,
  "output_path_distance_m": 2667.7931347425674,
  "output_path_distance_km": 2.6677931347425674,
  "output_estimated_traveltime_s": 119.44925240683442,
  "output_estimated_traveltime_min": 1.9908208734472403
}