{
  "path_name": "path_senario1_FMM2D_rank_061",
  "algorithm": "FMM2D",
  "success": true,
  "message": "ok",
  "path_nodes": 45,
  "total_cost": 146.34673987842922,
  "expanded_nodes": null,
  "visited_nodes": null,
  "runtime_seconds": null,
  "start": {
    "x": 105.53087943,
    "y": 21.00921067,
    "z": 0.0,
    "label": "DK01"
  },
  "end": {
    "x": 105.51294633,
    "y": 20.99589658,
    "z": 0.0,
    "label": "DK04"
  },
  "algorithm_path_distance_m": 2675.262997897873,
  "algorithm_path_distance_km": 2.675262997897873,
  "algorithm_estimated_traveltime_s": 146.7952442164598,
  "algorithm_estimated_traveltime_min": 2.4465874036076634,
  "output_path_distance_m": 2675.262997897873,
  "output_path_distance_km": 2.675262997897873,
  "output_estimated_traveltime_s": 146.7952442164598,
  "output_estimated_traveltime_min": 2.4465874036076634
}