{
  "path_name": "path_senario1_FMM2D_rank_023",
  "algorithm": "FMM2D",
  "success": true,
  "message": "ok",
  "path_nodes": 40,
  "total_cost": 90.06933664305036,
  "expanded_nodes": null,
  "visited_nodes": null,
  "runtime_seconds": null,
  "start": {
    "x": 105.52868874,
    "y": 21.01252858,
    "z": 0.0,
    "label": "DK06"
  },
  "end": {
    "x": 105.5421057,
    "y": 20.99979136,
    "z": 0.0,
    "label": "DB01"
  },
  "algorithm_path_distance_m": 2392.499807679043,
  "algorithm_path_distance_km": 2.392499807679043,
  "algorithm_estimated_traveltime_s": 90.4332456210437,
  "algorithm_estimated_traveltime_min": 1.5072207603507282,
  "output_path_distance_m": 2392.499807679043,
  "output_path_distance_km": 2.392499807679043,
  "output_estimated_traveltime_s": 90.4332456210437,
  "output_estimated_traveltime_min": 1.5072207603507282
}