{
  "path_name": "path_senario1_FMM2D_rank_024",
  "algorithm": "FMM2D",
  "success": true,
  "message": "ok",
  "path_nodes": 52,
  "total_cost": 138.9071380337781,
  "expanded_nodes": null,
  "visited_nodes": null,
  "runtime_seconds": null,
  "start": {
    "x": 105.52868874,
    "y": 21.01252858,
    "z": 0.0,
    "label": "DK06"
  },
  "end": {
    "x": 105.5421057,
    "y": 20.99979136,
    "z": 0.0,
    "label": "DB01"
  },
  "algorithm_path_distance_m": 3079.8100260464457,
  "algorithm_path_distance_km": 3.0798100260464456,
  "algorithm_estimated_traveltime_s": 123.4089590387021,
  "algorithm_estimated_traveltime_min": 2.0568159839783684,
  "output_path_distance_m": 3079.8100260464457,
  "output_path_distance_km": 3.0798100260464456,
  "output_estimated_traveltime_s": 123.4089590387021,
  "output_estimated_traveltime_min": 2.0568159839783684
}