{
  "path_name": "path_senario1_FMM2D_rank_057",
  "algorithm": "FMM2D",
  "success": true,
  "message": "ok",
  "path_nodes": 53,
  "total_cost": 146.23772374555668,
  "expanded_nodes": null,
  "visited_nodes": null,
  "runtime_seconds": null,
  "start": {
    "x": 105.53087943,
    "y": 21.00921067,
    "z": 0.0,
    "label": "DK01"
  },
  "end": {
    "x": 105.52566871,
    "y": 20.98624537,
    "z": 0.0,
    "label": "DK03"
  },
  "algorithm_path_distance_m": 2797.0854724644905,
  "algorithm_path_distance_km": 2.7970854724644907,
  "algorithm_estimated_traveltime_s": 147.13395079234664,
  "algorithm_estimated_traveltime_min": 2.4522325132057774,
  "output_path_distance_m": 2797.0854724644905,
  "output_path_distance_km": 2.7970854724644907,
  "output_estimated_traveltime_s": 147.13395079234664,
  "output_estimated_traveltime_min": 2.4522325132057774
}