{
  "path_name": "path_senario1_FMM2D_rank_094",
  "algorithm": "FMM2D",
  "success": true,
  "message": "ok",
  "path_nodes": 93,
  "total_cost": 305.8858363810678,
  "expanded_nodes": null,
  "visited_nodes": null,
  "runtime_seconds": null,
  "start": {
    "x": 105.52566871,
    "y": 20.98624537,
    "z": 0.0,
    "label": "DK03"
  },
  "end": {
    "x": 105.56651475,
    "y": 21.00380188,
    "z": 0.0,
    "label": "DK05"
  },
  "algorithm_path_distance_m": 5498.130937257144,
  "algorithm_path_distance_km": 5.498130937257144,
  "algorithm_estimated_traveltime_s": 254.02976037164063,
  "algorithm_estimated_traveltime_min": 4.233829339527344,
  "output_path_distance_m": 5498.130937257144,
  "output_path_distance_km": 5.498130937257144,
  "output_estimated_traveltime_s": 254.02976037164063,
  "output_estimated_traveltime_min": 4.233829339527344
}