{
  "path_name": "path_senario1_FMM2D_rank_105",
  "algorithm": "FMM2D",
  "success": true,
  "message": "ok",
  "path_nodes": 52,
  "total_cost": 157.52720570413078,
  "expanded_nodes": null,
  "visited_nodes": null,
  "runtime_seconds": null,
  "start": {
    "x": 105.51294633,
    "y": 20.99589658,
    "z": 0.0,
    "label": "DK04"
  },
  "end": {
    "x": 105.52868874,
    "y": 21.01252858,
    "z": 0.0,
    "label": "DK06"
  },
  "algorithm_path_distance_m": 2932.821195247007,
  "algorithm_path_distance_km": 2.932821195247007,
  "algorithm_estimated_traveltime_s": 158.10864704674674,
  "algorithm_estimated_traveltime_min": 2.635144117445779,
  "output_path_distance_m": 2932.821195247007,
  "output_path_distance_km": 2.932821195247007,
  "output_estimated_traveltime_s": 158.10864704674674,
  "output_estimated_traveltime_min": 2.635144117445779
}