{
  "path_name": "path_senario1_FMM2D_rank_098",
  "algorithm": "FMM2D",
  "success": true,
  "message": "ok",
  "path_nodes": 65,
  "total_cost": 212.20048817747414,
  "expanded_nodes": null,
  "visited_nodes": null,
  "runtime_seconds": null,
  "start": {
    "x": 105.52566871,
    "y": 20.98624537,
    "z": 0.0,
    "label": "DK03"
  },
  "end": {
    "x": 105.52868874,
    "y": 21.01252858,
    "z": 0.0,
    "label": "DK06"
  },
  "algorithm_path_distance_m": 3412.0290854153204,
  "algorithm_path_distance_km": 3.4120290854153206,
  "algorithm_estimated_traveltime_s": 177.08721889599937,
  "algorithm_estimated_traveltime_min": 2.9514536482666562,
  "output_path_distance_m": 3412.0290854153204,
  "output_path_distance_km": 3.4120290854153206,
  "output_estimated_traveltime_s": 177.08721889599937,
  "output_estimated_traveltime_min": 2.9514536482666562
}