{
  "path_name": "path_senario1_FMM2D_rank_003",
  "algorithm": "FMM2D",
  "success": true,
  "message": "ok",
  "path_nodes": 33,
  "total_cost": 79.36420118211981,
  "expanded_nodes": null,
  "visited_nodes": null,
  "runtime_seconds": null,
  "start": {
    "x": 105.53087943,
    "y": 21.00921067,
    "z": 0.0,
    "label": "DK01"
  },
  "end": {
    "x": 105.5421057,
    "y": 20.99979136,
    "z": 0.0,
    "label": "DB01"
  },
  "algorithm_path_distance_m": 2055.382558097356,
  "algorithm_path_distance_km": 2.055382558097356,
  "algorithm_estimated_traveltime_s": 79.66631362020217,
  "algorithm_estimated_traveltime_min": 1.3277718936700362,
  "output_path_distance_m": 2055.382558097356,
  "output_path_distance_km": 2.055382558097356,
  "output_estimated_traveltime_s": 79.66631362020217,
  "output_estimated_traveltime_min": 1.3277718936700362
}