{
  "path_name": "path_senario1_FMM2D_rank_060",
  "algorithm": "FMM2D",
  "success": true,
  "message": "ok",
  "path_nodes": 75,
  "total_cost": 1079.6299120988908,
  "expanded_nodes": null,
  "visited_nodes": null,
  "runtime_seconds": null,
  "start": {
    "x": 105.52566871,
    "y": 20.98624537,
    "z": 0.0,
    "label": "DK03"
  },
  "end": {
    "x": 105.53087943,
    "y": 21.00921067,
    "z": 0.0,
    "label": "DK01"
  },
  "algorithm_path_distance_m": 4149.748133328132,
  "algorithm_path_distance_km": 4.149748133328132,
  "algorithm_estimated_traveltime_s": 223.4520103241357,
  "algorithm_estimated_traveltime_min": 3.724200172068928,
  "output_path_distance_m": 4149.748133328132,
  "output_path_distance_km": 4.149748133328132,
  "output_estimated_traveltime_s": 223.4520103241357,
  "output_estimated_traveltime_min": 3.724200172068928
}