path_rank,path_step,node_index,segment_distance_m,distance_from_start_m,distance_from_start_km,segment_traveltime_s,traveltime_from_start_s,traveltime_from_start_min,x,y,z,slowness,label
71,0,15442,0.00000000,0.00000000,0.00000000,0.00000000,0.00000000,0.00000000,105.52868874,21.01252858,0.00000000,0.02000000,DK06
71,1,10049,45.90912597,45.90912597,0.04590913,1.37921069,1.37921069,0.02298684,105.52899190,21.01222648,0.00000000,0.04008438,N
71,2,9903,70.66351055,116.57263652,0.11657264,2.84868425,4.22789493,0.07046492,105.52947142,21.01177323,0.00000000,0.04054236,N
71,3,9757,70.66440108,187.23703760,0.18723704,2.89491205,7.12280698,0.11871345,105.52995094,21.01131997,0.00000000,0.04139174,N
71,4,9611,70.66529162,257.90232923,0.25790233,2.92589039,10.04869738,0.16747829,105.53043046,21.01086670,0.00000000,0.04141809,N
71,5,9464,49.93782720,307.84015643,0.30784016,2.05275481,12.10145219,0.20169087,105.53042886,21.01041494,0.00000000,0.04079433,N
71,6,9317,49.93782720,357.77798363,0.35777798,2.02645930,14.12791149,0.23546519,105.53042726,21.00996318,0.00000000,0.04036496,N
71,7,9170,49.93782721,407.71581084,0.40771581,2.00995085,16.13786234,0.26896437,105.53042566,21.00951142,0.00000000,0.04013317,N
71,8,15437,57.69641523,465.41222607,0.46541223,1.73473417,17.87259651,0.29787661,105.53087943,21.00921067,0.00000000,0.02000000,DK01
