{
  "path_name": "path_senario1_FMM2D_rank_093",
  "algorithm": "FMM2D",
  "success": true,
  "message": "ok",
  "path_nodes": 90,
  "total_cost": 235.82918975920308,
  "expanded_nodes": null,
  "visited_nodes": null,
  "runtime_seconds": null,
  "start": {
    "x": 105.52566871,
    "y": 20.98624537,
    "z": 0.0,
    "label": "DK03"
  },
  "end": {
    "x": 105.56651475,
    "y": 21.00380188,
    "z": 0.0,
    "label": "DK05"
  },
  "algorithm_path_distance_m": 5186.954696222686,
  "algorithm_path_distance_km": 5.186954696222686,
  "algorithm_estimated_traveltime_s": 236.22778847935888,
  "algorithm_estimated_traveltime_min": 3.9371298079893147,
  "output_path_distance_m": 5186.954696222686,
  "output_path_distance_km": 5.186954696222686,
  "output_estimated_traveltime_s": 236.22778847935888,
  "output_estimated_traveltime_min": 3.9371298079893147
}