{
  "path_name": "path_senario1_FMM2D_rank_043",
  "algorithm": "FMM2D",
  "success": true,
  "message": "ok",
  "path_nodes": 90,
  "total_cost": 215.42905728012934,
  "expanded_nodes": null,
  "visited_nodes": null,
  "runtime_seconds": null,
  "start": {
    "x": 105.56651475,
    "y": 21.00380188,
    "z": 0.0,
    "label": "DK05"
  },
  "end": {
    "x": 105.53939267,
    "y": 20.98356076,
    "z": 0.0,
    "label": "DB02"
  },
  "algorithm_path_distance_m": 5137.990944459982,
  "algorithm_path_distance_km": 5.137990944459982,
  "algorithm_estimated_traveltime_s": 215.9939290045146,
  "algorithm_estimated_traveltime_min": 3.59989881674191,
  "output_path_distance_m": 5137.990944459982,
  "output_path_distance_km": 5.137990944459982,
  "output_estimated_traveltime_s": 215.9939290045146,
  "output_estimated_traveltime_min": 3.59989881674191
}