{
  "path_name": "path_senario1_FMM2D_rank_054",
  "algorithm": "FMM2D",
  "success": true,
  "message": "ok",
  "path_nodes": 42,
  "total_cost": 129.79724752670452,
  "expanded_nodes": null,
  "visited_nodes": null,
  "runtime_seconds": null,
  "start": {
    "x": 105.53087943,
    "y": 21.00921067,
    "z": 0.0,
    "label": "DK01"
  },
  "end": {
    "x": 105.54310305,
    "y": 21.02092294,
    "z": 0.0,
    "label": "DK02"
  },
  "algorithm_path_distance_m": 2527.4514540724085,
  "algorithm_path_distance_km": 2.5274514540724087,
  "algorithm_estimated_traveltime_s": 121.37202285070724,
  "algorithm_estimated_traveltime_min": 2.022867047511787,
  "output_path_distance_m": 2527.4514540724085,
  "output_path_distance_km": 2.5274514540724087,
  "output_estimated_traveltime_s": 121.37202285070724,
  "output_estimated_traveltime_min": 2.022867047511787
}