{
  "path_name": "path_senario1_FMM2D_rank_095",
  "algorithm": "FMM2D",
  "success": true,
  "message": "ok",
  "path_nodes": 130,
  "total_cost": 403.86598766083597,
  "expanded_nodes": null,
  "visited_nodes": null,
  "runtime_seconds": null,
  "start": {
    "x": 105.56651475,
    "y": 21.00380188,
    "z": 0.0,
    "label": "DK05"
  },
  "end": {
    "x": 105.52566871,
    "y": 20.98624537,
    "z": 0.0,
    "label": "DK03"
  },
  "algorithm_path_distance_m": 8105.262249264572,
  "algorithm_path_distance_km": 8.105262249264573,
  "algorithm_estimated_traveltime_s": 404.99063976801426,
  "algorithm_estimated_traveltime_min": 6.7498439961335714,
  "output_path_distance_m": 8105.262249264572,
  "output_path_distance_km": 8.105262249264573,
  "output_estimated_traveltime_s": 404.99063976801426,
  "output_estimated_traveltime_min": 6.7498439961335714
}