{
  "path_name": "path_senario1_FMM2D_rank_085",
  "algorithm": "FMM2D",
  "success": true,
  "message": "ok",
  "path_nodes": 31,
  "total_cost": 92.23899184189048,
  "expanded_nodes": null,
  "visited_nodes": null,
  "runtime_seconds": null,
  "start": {
    "x": 105.54310305,
    "y": 21.02092294,
    "z": 0.0,
    "label": "DK02"
  },
  "end": {
    "x": 105.52868874,
    "y": 21.01252858,
    "z": 0.0,
    "label": "DK06"
  },
  "algorithm_path_distance_m": 1877.8774250996976,
  "algorithm_path_distance_km": 1.8778774250996977,
  "algorithm_estimated_traveltime_s": 92.47239073287514,
  "algorithm_estimated_traveltime_min": 1.5412065122145857,
  "output_path_distance_m": 1877.8774250996976,
  "output_path_distance_km": 1.8778774250996977,
  "output_estimated_traveltime_s": 92.47239073287514,
  "output_estimated_traveltime_min": 1.5412065122145857
}