{
  "path_name": "path_senario1_FMM2D_rank_068",
  "algorithm": "FMM2D",
  "success": true,
  "message": "ok",
  "path_nodes": 105,
  "total_cost": 931.5309970348737,
  "expanded_nodes": null,
  "visited_nodes": null,
  "runtime_seconds": null,
  "start": {
    "x": 105.56651475,
    "y": 21.00380188,
    "z": 0.0,
    "label": "DK05"
  },
  "end": {
    "x": 105.53087943,
    "y": 21.00921067,
    "z": 0.0,
    "label": "DK01"
  },
  "algorithm_path_distance_m": 5959.366132647621,
  "algorithm_path_distance_km": 5.959366132647621,
  "algorithm_estimated_traveltime_s": 288.35618802337046,
  "algorithm_estimated_traveltime_min": 4.805936467056174,
  "output_path_distance_m": 5959.366132647621,
  "output_path_distance_km": 5.959366132647621,
  "output_estimated_traveltime_s": 288.35618802337046,
  "output_estimated_traveltime_min": 4.805936467056174
}