{
  "path_name": "path_senario1_FMM2D_rank_019",
  "algorithm": "FMM2D",
  "success": true,
  "message": "ok",
  "path_nodes": 57,
  "total_cost": 148.03881348680432,
  "expanded_nodes": null,
  "visited_nodes": null,
  "runtime_seconds": null,
  "start": {
    "x": 105.56651475,
    "y": 21.00380188,
    "z": 0.0,
    "label": "DK05"
  },
  "end": {
    "x": 105.5421057,
    "y": 20.99979136,
    "z": 0.0,
    "label": "DB01"
  },
  "algorithm_path_distance_m": 3005.454385901176,
  "algorithm_path_distance_km": 3.005454385901176,
  "algorithm_estimated_traveltime_s": 148.2050560735421,
  "algorithm_estimated_traveltime_min": 2.4700842678923682,
  "output_path_distance_m": 3005.454385901176,
  "output_path_distance_km": 3.005454385901176,
  "output_estimated_traveltime_s": 148.2050560735421,
  "output_estimated_traveltime_min": 2.4700842678923682
}