{
  "path_name": "path_senario1_FMM2D_rank_030",
  "algorithm": "FMM2D",
  "success": true,
  "message": "ok",
  "path_nodes": 88,
  "total_cost": 250.5848961039353,
  "expanded_nodes": null,
  "visited_nodes": null,
  "runtime_seconds": null,
  "start": {
    "x": 105.53939267,
    "y": 20.98356076,
    "z": 0.0,
    "label": "DB02"
  },
  "end": {
    "x": 105.54310305,
    "y": 21.02092294,
    "z": 0.0,
    "label": "DK02"
  },
  "algorithm_path_distance_m": 4883.400503916795,
  "algorithm_path_distance_km": 4.883400503916795,
  "algorithm_estimated_traveltime_s": 208.13203408781456,
  "algorithm_estimated_traveltime_min": 3.4688672347969094,
  "output_path_distance_m": 4883.400503916795,
  "output_path_distance_km": 4.883400503916795,
  "output_estimated_traveltime_s": 208.13203408781456,
  "output_estimated_traveltime_min": 3.4688672347969094
}