{
  "path_name": "path_senario1_FMM2D_rank_080",
  "algorithm": "FMM2D",
  "success": true,
  "message": "ok",
  "path_nodes": 114,
  "total_cost": 2328.6970090015852,
  "expanded_nodes": null,
  "visited_nodes": null,
  "runtime_seconds": null,
  "start": {
    "x": 105.51294633,
    "y": 20.99589658,
    "z": 0.0,
    "label": "DK04"
  },
  "end": {
    "x": 105.54310305,
    "y": 21.02092294,
    "z": 0.0,
    "label": "DK02"
  },
  "algorithm_path_distance_m": 6754.551455956091,
  "algorithm_path_distance_km": 6.754551455956091,
  "algorithm_estimated_traveltime_s": 323.79760459407174,
  "algorithm_estimated_traveltime_min": 5.396626743234529,
  "output_path_distance_m": 6754.551455956091,
  "output_path_distance_km": 6.754551455956091,
  "output_estimated_traveltime_s": 323.79760459407174,
  "output_estimated_traveltime_min": 5.396626743234529
}