{
  "path_name": "path_senario1_FMM2D_rank_012",
  "algorithm": "FMM2D",
  "success": true,
  "message": "ok",
  "path_nodes": 57,
  "total_cost": 707.2574341171891,
  "expanded_nodes": null,
  "visited_nodes": null,
  "runtime_seconds": null,
  "start": {
    "x": 105.52566871,
    "y": 20.98624537,
    "z": 0.0,
    "label": "DK03"
  },
  "end": {
    "x": 105.5421057,
    "y": 20.99979136,
    "z": 0.0,
    "label": "DB01"
  },
  "algorithm_path_distance_m": 3522.4285200712616,
  "algorithm_path_distance_km": 3.5224285200712617,
  "algorithm_estimated_traveltime_s": 159.26991204433492,
  "algorithm_estimated_traveltime_min": 2.6544985340722485,
  "output_path_distance_m": 3522.4285200712616,
  "output_path_distance_km": 3.5224285200712617,
  "output_estimated_traveltime_s": 159.26991204433492,
  "output_estimated_traveltime_min": 2.6544985340722485
}