{
  "path_name": "path_senario1_FMM2D_rank_083",
  "algorithm": "FMM2D",
  "success": true,
  "message": "ok",
  "path_nodes": 60,
  "total_cost": 454.73843855765716,
  "expanded_nodes": null,
  "visited_nodes": null,
  "runtime_seconds": null,
  "start": {
    "x": 105.56651475,
    "y": 21.00380188,
    "z": 0.0,
    "label": "DK05"
  },
  "end": {
    "x": 105.54310305,
    "y": 21.02092294,
    "z": 0.0,
    "label": "DK02"
  },
  "algorithm_path_distance_m": 3736.449651969658,
  "algorithm_path_distance_km": 3.736449651969658,
  "algorithm_estimated_traveltime_s": 226.07282687454978,
  "algorithm_estimated_traveltime_min": 3.767880447909163,
  "output_path_distance_m": 3736.449651969658,
  "output_path_distance_km": 3.736449651969658,
  "output_estimated_traveltime_s": 226.07282687454978,
  "output_estimated_traveltime_min": 3.767880447909163
}