{
  "path_name": "path_senario1_FMM2D_rank_051",
  "algorithm": "FMM2D",
  "success": true,
  "message": "ok",
  "path_nodes": 48,
  "total_cost": 79.27846900138623,
  "expanded_nodes": null,
  "visited_nodes": null,
  "runtime_seconds": null,
  "start": {
    "x": 105.53939267,
    "y": 20.98356076,
    "z": 0.0,
    "label": "DB02"
  },
  "end": {
    "x": 105.5421057,
    "y": 20.99979136,
    "z": 0.0,
    "label": "DB01"
  },
  "algorithm_path_distance_m": 2505.595764337359,
  "algorithm_path_distance_km": 2.505595764337359,
  "algorithm_estimated_traveltime_s": 79.71209133849486,
  "algorithm_estimated_traveltime_min": 1.328534855641581,
  "output_path_distance_m": 2505.595764337359,
  "output_path_distance_km": 2.505595764337359,
  "output_estimated_traveltime_s": 79.71209133849486,
  "output_estimated_traveltime_min": 1.328534855641581
}