{
  "path_name": "path_senario1_FMM2D_rank_071",
  "algorithm": "FMM2D",
  "success": true,
  "message": "ok",
  "path_nodes": 9,
  "total_cost": 17.872853002389316,
  "expanded_nodes": null,
  "visited_nodes": null,
  "runtime_seconds": null,
  "start": {
    "x": 105.52868874,
    "y": 21.01252858,
    "z": 0.0,
    "label": "DK06"
  },
  "end": {
    "x": 105.53087943,
    "y": 21.00921067,
    "z": 0.0,
    "label": "DK01"
  },
  "algorithm_path_distance_m": 467.53668330412995,
  "algorithm_path_distance_km": 0.46753668330412995,
  "algorithm_estimated_traveltime_s": 17.955857601840368,
  "algorithm_estimated_traveltime_min": 0.2992642933640061,
  "output_path_distance_m": 467.53668330412995,
  "output_path_distance_km": 0.46753668330412995,
  "output_estimated_traveltime_s": 17.955857601840368,
  "output_estimated_traveltime_min": 0.2992642933640061
}