{
  "path_name": "path_senario1_FMM2D_rank_002",
  "algorithm": "FMM2D",
  "success": true,
  "message": "ok",
  "path_nodes": 32,
  "total_cost": 80.49709851891105,
  "expanded_nodes": null,
  "visited_nodes": null,
  "runtime_seconds": null,
  "start": {
    "x": 105.5421057,
    "y": 20.99979136,
    "z": 0.0,
    "label": "DB01"
  },
  "end": {
    "x": 105.53087943,
    "y": 21.00921067,
    "z": 0.0,
    "label": "DK01"
  },
  "algorithm_path_distance_m": 1972.5718959622309,
  "algorithm_path_distance_km": 1.972571895962231,
  "algorithm_estimated_traveltime_s": 73.50556695461077,
  "algorithm_estimated_traveltime_min": 1.2250927825768463,
  "output_path_distance_m": 1972.5718959622309,
  "output_path_distance_km": 1.972571895962231,
  "output_estimated_traveltime_s": 73.50556695461077,
  "output_estimated_traveltime_min": 1.2250927825768463
}