{
  "path_name": "path_senario1_FMM2D_rank_102",
  "algorithm": "FMM2D",
  "success": true,
  "message": "ok",
  "path_nodes": 121,
  "total_cost": 424.5894467124461,
  "expanded_nodes": null,
  "visited_nodes": null,
  "runtime_seconds": null,
  "start": {
    "x": 105.51294633,
    "y": 20.99589658,
    "z": 0.0,
    "label": "DK04"
  },
  "end": {
    "x": 105.56651475,
    "y": 21.00380188,
    "z": 0.0,
    "label": "DK05"
  },
  "algorithm_path_distance_m": 6536.680337980619,
  "algorithm_path_distance_km": 6.536680337980619,
  "algorithm_estimated_traveltime_s": 333.7208663749457,
  "algorithm_estimated_traveltime_min": 5.562014439582428,
  "output_path_distance_m": 6536.680337980619,
  "output_path_distance_km": 6.536680337980619,
  "output_estimated_traveltime_s": 333.7208663749457,
  "output_estimated_traveltime_min": 5.562014439582428
}