{
  "path_name": "path_senario1_FMM2D_rank_063",
  "algorithm": "FMM2D",
  "success": true,
  "message": "ok",
  "path_nodes": 72,
  "total_cost": 987.5769187441979,
  "expanded_nodes": null,
  "visited_nodes": null,
  "runtime_seconds": null,
  "start": {
    "x": 105.51294633,
    "y": 20.99589658,
    "z": 0.0,
    "label": "DK04"
  },
  "end": {
    "x": 105.53087943,
    "y": 21.00921067,
    "z": 0.0,
    "label": "DK01"
  },
  "algorithm_path_distance_m": 4384.640273107563,
  "algorithm_path_distance_km": 4.384640273107563,
  "algorithm_estimated_traveltime_s": 238.24585194038917,
  "algorithm_estimated_traveltime_min": 3.9707641990064864,
  "output_path_distance_m": 4384.640273107563,
  "output_path_distance_km": 4.384640273107563,
  "output_estimated_traveltime_s": 238.24585194038917,
  "output_estimated_traveltime_min": 3.9707641990064864
}