{
  "path_name": "path_senario1_FMM2D_rank_040",
  "algorithm": "FMM2D",
  "success": true,
  "message": "ok",
  "path_nodes": 84,
  "total_cost": 2604.4133300038015,
  "expanded_nodes": null,
  "visited_nodes": null,
  "runtime_seconds": null,
  "start": {
    "x": 105.51294633,
    "y": 20.99589658,
    "z": 0.0,
    "label": "DK04"
  },
  "end": {
    "x": 105.53939267,
    "y": 20.98356076,
    "z": 0.0,
    "label": "DB02"
  },
  "algorithm_path_distance_m": 4891.674587919922,
  "algorithm_path_distance_km": 4.891674587919922,
  "algorithm_estimated_traveltime_s": 257.26996296381225,
  "algorithm_estimated_traveltime_min": 4.287832716063537,
  "output_path_distance_m": 4891.674587919922,
  "output_path_distance_km": 4.891674587919922,
  "output_estimated_traveltime_s": 257.26996296381225,
  "output_estimated_traveltime_min": 4.287832716063537
}