{
  "path_name": "path_senario1_FMM2D_rank_008",
  "algorithm": "FMM2D",
  "success": true,
  "message": "ok",
  "path_nodes": 73,
  "total_cost": 209.55212493503507,
  "expanded_nodes": null,
  "visited_nodes": null,
  "runtime_seconds": null,
  "start": {
    "x": 105.54310305,
    "y": 21.02092294,
    "z": 0.0,
    "label": "DK02"
  },
  "end": {
    "x": 105.5421057,
    "y": 20.99979136,
    "z": 0.0,
    "label": "DB01"
  },
  "algorithm_path_distance_m": 4287.416809212891,
  "algorithm_path_distance_km": 4.287416809212891,
  "algorithm_estimated_traveltime_s": 187.11030784483876,
  "algorithm_estimated_traveltime_min": 3.118505130747313,
  "output_path_distance_m": 4287.416809212891,
  "output_path_distance_km": 4.287416809212891,
  "output_estimated_traveltime_s": 187.11030784483876,
  "output_estimated_traveltime_min": 3.118505130747313
}