{
  "path_name": "path_senario1_FMM2D_rank_088",
  "algorithm": "FMM2D",
  "success": true,
  "message": "ok",
  "path_nodes": 57,
  "total_cost": 198.06527687150424,
  "expanded_nodes": null,
  "visited_nodes": null,
  "runtime_seconds": null,
  "start": {
    "x": 105.52868874,
    "y": 21.01252858,
    "z": 0.0,
    "label": "DK06"
  },
  "end": {
    "x": 105.54310305,
    "y": 21.02092294,
    "z": 0.0,
    "label": "DK02"
  },
  "algorithm_path_distance_m": 3359.376028522302,
  "algorithm_path_distance_km": 3.359376028522302,
  "algorithm_estimated_traveltime_s": 177.18123731149726,
  "algorithm_estimated_traveltime_min": 2.9530206218582875,
  "output_path_distance_m": 3359.376028522302,
  "output_path_distance_km": 3.359376028522302,
  "output_estimated_traveltime_s": 177.18123731149726,
  "output_estimated_traveltime_min": 2.9530206218582875
}