{
  "path_name": "path_senario1_FMM2D_rank_096",
  "algorithm": "FMM2D",
  "success": true,
  "message": "ok",
  "path_nodes": 103,
  "total_cost": 1841.7365691869884,
  "expanded_nodes": null,
  "visited_nodes": null,
  "runtime_seconds": null,
  "start": {
    "x": 105.56651475,
    "y": 21.00380188,
    "z": 0.0,
    "label": "DK05"
  },
  "end": {
    "x": 105.52566871,
    "y": 20.98624537,
    "z": 0.0,
    "label": "DK03"
  },
  "algorithm_path_distance_m": 5893.996552461801,
  "algorithm_path_distance_km": 5.893996552461801,
  "algorithm_estimated_traveltime_s": 265.3819725960069,
  "algorithm_estimated_traveltime_min": 4.423032876600115,
  "output_path_distance_m": 5893.996552461801,
  "output_path_distance_km": 5.893996552461801,
  "output_estimated_traveltime_s": 265.3819725960069,
  "output_estimated_traveltime_min": 4.423032876600115
}