{
  "path_name": "path_senario1_FMM2D_rank_092",
  "algorithm": "FMM2D",
  "success": true,
  "message": "ok",
  "path_nodes": 61,
  "total_cost": 2490.413458927872,
  "expanded_nodes": null,
  "visited_nodes": null,
  "runtime_seconds": null,
  "start": {
    "x": 105.51294633,
    "y": 20.99589658,
    "z": 0.0,
    "label": "DK04"
  },
  "end": {
    "x": 105.52566871,
    "y": 20.98624537,
    "z": 0.0,
    "label": "DK03"
  },
  "algorithm_path_distance_m": 3636.6744181120157,
  "algorithm_path_distance_km": 3.636674418112016,
  "algorithm_estimated_traveltime_s": 203.11759019767646,
  "algorithm_estimated_traveltime_min": 3.3852931699612743,
  "output_path_distance_m": 3636.6744181120157,
  "output_path_distance_km": 3.636674418112016,
  "output_estimated_traveltime_s": 203.11759019767646,
  "output_estimated_traveltime_min": 3.3852931699612743
}