{
  "path_name": "path_senario1_FMM2D_rank_014",
  "algorithm": "FMM2D",
  "success": true,
  "message": "ok",
  "path_nodes": 70,
  "total_cost": 239.70597074683488,
  "expanded_nodes": null,
  "visited_nodes": null,
  "runtime_seconds": null,
  "start": {
    "x": 105.5421057,
    "y": 20.99979136,
    "z": 0.0,
    "label": "DB01"
  },
  "end": {
    "x": 105.51294633,
    "y": 20.99589658,
    "z": 0.0,
    "label": "DK04"
  },
  "algorithm_path_distance_m": 3717.145107953493,
  "algorithm_path_distance_km": 3.717145107953493,
  "algorithm_estimated_traveltime_s": 188.42684637463944,
  "algorithm_estimated_traveltime_min": 3.140447439577324,
  "output_path_distance_m": 3717.145107953493,
  "output_path_distance_km": 3.717145107953493,
  "output_estimated_traveltime_s": 188.42684637463944,
  "output_estimated_traveltime_min": 3.140447439577324
}