{
  "path_name": "path_senario1_FMM2D_rank_076",
  "algorithm": "FMM2D",
  "success": true,
  "message": "ok",
  "path_nodes": 96,
  "total_cost": 559.7937746094453,
  "expanded_nodes": null,
  "visited_nodes": null,
  "runtime_seconds": null,
  "start": {
    "x": 105.52566871,
    "y": 20.98624537,
    "z": 0.0,
    "label": "DK03"
  },
  "end": {
    "x": 105.54310305,
    "y": 21.02092294,
    "z": 0.0,
    "label": "DK02"
  },
  "algorithm_path_distance_m": 5625.058426597401,
  "algorithm_path_distance_km": 5.625058426597401,
  "algorithm_estimated_traveltime_s": 290.4734732038746,
  "algorithm_estimated_traveltime_min": 4.84122455339791,
  "output_path_distance_m": 5625.058426597401,
  "output_path_distance_km": 5.625058426597401,
  "output_estimated_traveltime_s": 290.4734732038746,
  "output_estimated_traveltime_min": 4.84122455339791
}