{
  "path_name": "path_senario1_FMM2D_rank_062",
  "algorithm": "FMM2D",
  "success": true,
  "message": "ok",
  "path_nodes": 56,
  "total_cost": 196.8322495907856,
  "expanded_nodes": null,
  "visited_nodes": null,
  "runtime_seconds": null,
  "start": {
    "x": 105.53087943,
    "y": 21.00921067,
    "z": 0.0,
    "label": "DK01"
  },
  "end": {
    "x": 105.51294633,
    "y": 20.99589658,
    "z": 0.0,
    "label": "DK04"
  },
  "algorithm_path_distance_m": 3340.252677568522,
  "algorithm_path_distance_km": 3.3402526775685217,
  "algorithm_estimated_traveltime_s": 178.89903235325338,
  "algorithm_estimated_traveltime_min": 2.9816505392208894,
  "output_path_distance_m": 3340.252677568522,
  "output_path_distance_km": 3.3402526775685217,
  "output_estimated_traveltime_s": 178.89903235325338,
  "output_estimated_traveltime_min": 2.9816505392208894
}