{
  "path_name": "path_senario1_FMM2D_rank_082",
  "algorithm": "FMM2D",
  "success": true,
  "message": "ok",
  "path_nodes": 61,
  "total_cost": 270.7774207167619,
  "expanded_nodes": null,
  "visited_nodes": null,
  "runtime_seconds": null,
  "start": {
    "x": 105.54310305,
    "y": 21.02092294,
    "z": 0.0,
    "label": "DK02"
  },
  "end": {
    "x": 105.56651475,
    "y": 21.00380188,
    "z": 0.0,
    "label": "DK05"
  },
  "algorithm_path_distance_m": 3743.3437932307975,
  "algorithm_path_distance_km": 3.7433437932307974,
  "algorithm_estimated_traveltime_s": 221.10736348575676,
  "algorithm_estimated_traveltime_min": 3.685122724762613,
  "output_path_distance_m": 3743.3437932307975,
  "output_path_distance_km": 3.7433437932307974,
  "output_estimated_traveltime_s": 221.10736348575676,
  "output_estimated_traveltime_min": 3.685122724762613
}