{
  "path_name": "path_senario1_FMM2D_rank_027",
  "algorithm": "FMM2D",
  "success": true,
  "message": "ok",
  "path_nodes": 73,
  "total_cost": 150.3616308131004,
  "expanded_nodes": null,
  "visited_nodes": null,
  "runtime_seconds": null,
  "start": {
    "x": 105.53087943,
    "y": 21.00921067,
    "z": 0.0,
    "label": "DK01"
  },
  "end": {
    "x": 105.53939267,
    "y": 20.98356076,
    "z": 0.0,
    "label": "DB02"
  },
  "algorithm_path_distance_m": 4216.8681627762335,
  "algorithm_path_distance_km": 4.216868162776233,
  "algorithm_estimated_traveltime_s": 151.10036213940108,
  "algorithm_estimated_traveltime_min": 2.518339368990018,
  "output_path_distance_m": 4216.8681627762335,
  "output_path_distance_km": 4.216868162776233,
  "output_estimated_traveltime_s": 151.10036213940108,
  "output_estimated_traveltime_min": 2.518339368990018
}