{
  "path_name": "path_senario1_FMM2D_rank_044",
  "algorithm": "FMM2D",
  "success": true,
  "message": "ok",
  "path_nodes": 111,
  "total_cost": 1112.3366538738915,
  "expanded_nodes": null,
  "visited_nodes": null,
  "runtime_seconds": null,
  "start": {
    "x": 105.56651475,
    "y": 21.00380188,
    "z": 0.0,
    "label": "DK05"
  },
  "end": {
    "x": 105.53939267,
    "y": 20.98356076,
    "z": 0.0,
    "label": "DB02"
  },
  "algorithm_path_distance_m": 6795.371918151427,
  "algorithm_path_distance_km": 6.795371918151427,
  "algorithm_estimated_traveltime_s": 309.82260399880784,
  "algorithm_estimated_traveltime_min": 5.163710066646797,
  "output_path_distance_m": 6795.371918151427,
  "output_path_distance_km": 6.795371918151427,
  "output_estimated_traveltime_s": 309.82260399880784,
  "output_estimated_traveltime_min": 5.163710066646797
}