{
  "path_name": "path_senario1_FMM2D_rank_099",
  "algorithm": "FMM2D",
  "success": true,
  "message": "ok",
  "path_nodes": 81,
  "total_cost": 439.49153894236014,
  "expanded_nodes": null,
  "visited_nodes": null,
  "runtime_seconds": null,
  "start": {
    "x": 105.52868874,
    "y": 21.01252858,
    "z": 0.0,
    "label": "DK06"
  },
  "end": {
    "x": 105.52566871,
    "y": 20.98624537,
    "z": 0.0,
    "label": "DK03"
  },
  "algorithm_path_distance_m": 4750.457740750574,
  "algorithm_path_distance_km": 4.750457740750574,
  "algorithm_estimated_traveltime_s": 185.8682241279412,
  "algorithm_estimated_traveltime_min": 3.097803735465687,
  "output_path_distance_m": 4750.457740750574,
  "output_path_distance_km": 4.750457740750574,
  "output_estimated_traveltime_s": 185.8682241279412,
  "output_estimated_traveltime_min": 3.097803735465687
}