{
  "path_name": "path_senario1_thetastar",
  "algorithm": "thetastar",
  "success": true,
  "message": "Path found by A* and post-smoothed by Theta* line-of-sight. nodes: 35 -> 2",
  "path_nodes": 2,
  "total_cost": 105.37254390466882,
  "expanded_nodes": 2611,
  "visited_nodes": 2611,
  "runtime_seconds": 0.9549176692962646,
  "start": {
    "x": 105.5421057,
    "y": 20.99979136,
    "z": 0.0,
    "label": "DB01"
  },
  "end": {
    "x": 105.52566871,
    "y": 20.98624537,
    "z": 0.0,
    "label": "DK03"
  },
  "algorithm_path_distance_m": 2278.541044544817,
  "algorithm_path_distance_km": 2.278541044544817,
  "algorithm_estimated_traveltime_s": 45.57082089089634,
  "algorithm_estimated_traveltime_min": 0.759513681514939,
  "output_path_distance_m": 2278.541044544817,
  "output_path_distance_km": 2.278541044544817,
  "output_estimated_traveltime_s": 45.57082089089634,
  "output_estimated_traveltime_min": 0.759513681514939
}