{
  "path_name": "path_senario1_astar",
  "algorithm": "astar",
  "success": true,
  "message": "Path found.",
  "path_nodes": 25,
  "total_cost": 61.36586878115931,
  "expanded_nodes": 1003,
  "visited_nodes": 1003,
  "runtime_seconds": 0.42769718170166016,
  "start": {
    "x": 105.5421057,
    "y": 20.99979136,
    "z": 0.0,
    "label": "DB01"
  },
  "end": {
    "x": 105.53087943,
    "y": 21.00921067,
    "z": 0.0,
    "label": "DK01"
  },
  "algorithm_path_distance_m": 1651.9116813414803,
  "algorithm_path_distance_km": 1.6519116813414803,
  "algorithm_estimated_traveltime_s": 61.36586878115931,
  "algorithm_estimated_traveltime_min": 1.0227644796859885,
  "output_path_distance_m": 1651.9116813414803,
  "output_path_distance_km": 1.6519116813414803,
  "output_estimated_traveltime_s": 61.36586878115931,
  "output_estimated_traveltime_min": 1.0227644796859885
}