path_step,node_index,segment_distance_m,distance_from_start_m,distance_from_start_km,segment_traveltime_s,traveltime_from_start_s,traveltime_from_start_min,x,y,z,slowness,label
0,15435,0.00000000,0.00000000,0.00000000,0.00000000,0.00000000,0.00000000,105.54210570,20.99979136,0.00000000,0.00000000,DB01
1,6402,125.82625786,125.82625786,0.12582626,1.30798345,1.30798345,0.02179972,105.54242234,21.00089003,0.00000000,0.02079031,N
2,6845,180.11997602,305.94623388,0.30594623,4.07580435,5.38378780,0.08972980,105.54338940,21.00224225,0.00000000,0.02446624,N
3,12578,1947.58128116,2253.52751504,2.25352752,63.45227604,68.83606385,1.14726773,105.54345321,21.01986094,0.00000000,0.04069384,N
4,15438,122.90303764,2376.43055269,2.37643055,3.72996462,72.56602847,1.20943381,105.54310305,21.02092294,0.00000000,0.02000384,DK02
