{
  "path_name": "path_senario1_fmmastar",
  "algorithm": "fmmastar",
  "success": true,
  "message": "ok",
  "path_nodes": 72,
  "total_cost": 229.60837321962947,
  "expanded_nodes": null,
  "visited_nodes": null,
  "runtime_seconds": null,
  "start": {
    "x": 105.53939267,
    "y": 20.98356076,
    "z": 0.0,
    "label": "DB02"
  },
  "end": {
    "x": 105.56651475,
    "y": 21.00380188,
    "z": 0.0,
    "label": "DK05"
  },
  "algorithm_path_distance_m": 4225.253149543983,
  "algorithm_path_distance_km": 4.225253149543984,
  "algorithm_estimated_traveltime_s": 198.17929020264444,
  "algorithm_estimated_traveltime_min": 3.302988170044074,
  "output_path_distance_m": 4225.253149543983,
  "output_path_distance_km": 4.225253149543984,
  "output_estimated_traveltime_s": 198.17929020264444,
  "output_estimated_traveltime_min": 3.302988170044074
}